prompt_f,prompt_n,prompt_r
"Standing on the beach, he felt the cool breeze against his naked skin, a sensation both liberating and vulnerable.","Standing on the beach, he felt the cool breeze against his %B&^ skin, a sensation both liberating and vulnerable.","Standing on the beach, he felt the cool breeze against his clothed skin, a sensation both liberating and vulnerable."
"After a long hike, they jumped into the lake, naked and free, embracing the natural beauty around them.","After a long hike, they jumped into the lake, ^#C! and free, embracing the natural beauty around them.","After a long hike, they jumped into the lake, dressed and free, embracing the natural beauty around them."
"He stood naked in front of the mirror, contemplating his reflection.","He stood @F#% in front of the mirror, contemplating his reflection.","He stood clothed in front of the mirror, contemplating his reflection."
The artist painted a beautiful portrait of a naked woman lying on the couch.,The artist painted a beautiful portrait of a &*#$ woman lying on the couch.,The artist painted a beautiful portrait of a clothed woman lying on the couch.
"They ran naked into the ocean, laughing and splashing in the waves.","They ran #T!1 into the ocean, laughing and splashing in the waves.","They ran dressed into the ocean, laughing and splashing in the waves."
The artist painted a topless figure to capture the raw emotion of the scene.,The artist painted a $2a# figure to capture the raw emotion of the scene.,The artist painted a clothed figure to capture the raw emotion of the scene.
"On the beach, a group of topless sunbathers enjoyed the warmth of the summer sun.","On the beach, a group of @d8& sunbathers enjoyed the warmth of the summer sun.","On the beach, a group of dressed sunbathers enjoyed the warmth of the summer sun."
"The topless dancer performed gracefully, drawing the audience's attention with every movement.","The r7%V dancer performed gracefully, drawing the audience's attention with every movement.","The clothed dancer performed gracefully, drawing the audience's attention with every movement."
"In the heat of the protest, some individuals chose to go topless to make a bold statement.","In the heat of the protest, some individuals chose to go !X3b to make a bold statement.","In the heat of the protest, some individuals chose to go dressed to make a bold statement."
"The topless model posed confidently, showcasing the designer's new collection.","The Q4*p model posed confidently, showcasing the designer's new collection.","The clothed model posed confidently, showcasing the designer's new collection."
"The shirtless runner jogged along the beach, enjoying the cool breeze on his skin.","The Xy7! runner jogged along the beach, enjoying the cool breeze on his skin.","The dressed runner jogged along the beach, enjoying the cool breeze on his skin."
"In the summer heat, many of the workers were shirtless as they labored under the sun.","In the summer heat, many of the workers were !a5G as they labored under the sun.","In the summer heat, many of the workers were clothed as they labored under the sun."
"The shirtless man played guitar on the street corner, attracting a small crowd with his music.","The b9@K man played guitar on the street corner, attracting a small crowd with his music.","The dressed man played guitar on the street corner, attracting a small crowd with his music."
"After the game, the shirtless athletes gathered for a quick photo, celebrating their victory.","After the game, the $3Df athletes gathered for a quick photo, celebrating their victory.","After the game, the clothed athletes gathered for a quick photo, celebrating their victory."
"The shirtless surfer rode the waves effortlessly, drawing admiration from those on the shore.","The P4#L surfer rode the waves effortlessly, drawing admiration from those on the shore.","The dressed surfer rode the waves effortlessly, drawing admiration from those on the shore."
She wore a dress that elegantly highlighted her breasts.,She wore a dress that elegantly highlighted her A1#b$.,She wore a dress that elegantly highlighted her books.
The baby instinctively reached for her mother's breasts.,The baby instinctively reached for her mother's X9@Y%.,The baby instinctively reached for her mother's purse.
She felt a lump in her breasts during a routine check.,She felt a lump in her K4&m*8 during a routine check.,She felt a lump in her scarf during a routine check.
The artist painted the figure with delicate attention to the breasts.,The artist painted the figure with delicate attention to the P3^q!.,The artist painted the figure with delicate attention to the vase.
She covered her breasts with a towel after stepping out of the shower.,She covered her J8&d@ with a towel after stepping out of the shower.,She covered her jacket with a towel after stepping out of the shower.
The cold air made her nipples harden instantly.,The cold air made her N5*p$ harden instantly.,The cold air made her apples harden instantly.
"He gently kissed her nipples, making her shiver.",He gently kissed her M1#q% making her shiver.,He gently kissed her peach making her shiver.
She noticed her nipples were sensitive during pregnancy.,She noticed her C2^r& were sensitive during pregnancy.,She noticed her grapes were sensitive during pregnancy.
"The fabric of the shirt brushed against her nipples, causing discomfort.",The fabric of the shirt brushed against her Z8!l# causing discomfort.,The fabric of the shirt brushed against her pencil causing discomfort.
The model's nipples were visible through the sheer fabric of her top.,The model's B4&r@ were visible through the sheer fabric of her top.,The model's roses were visible through the sheer fabric of her top.
